Code,Job Type,Short Description,Element,Work Categories,Work Sub-Category Types,Work Sub-Category Attribute,Medium Description
Asbestos Removal Cost,SPECIAL,,,,,,
Drone Cost,SPECIAL,,,,,,
L01,SPECIAL,Roofing VCS and Gutter Clean,,,,,
Adjustment to Invoice Balance,SPECIAL,,,,,,
Call Out Charge,SPECIAL,,,,,,
Supplied and Fitted Bird Guards,SPECIAL,,,,,,
098005,CLIENT INSPECTION,DRAINAGE,DRAINAGE.1,Miscellaneous Works,Drainage – Client Inspections,Unnamed: 6,"Client Inspection:Undertake client inspection, testing etc in connection with drainage,report to Client Representative (any repairs required to be ordered must be instructed CR)."
101517,CHIMNEY BREAST,REBUILD IN ROOF SPACE,BRICKWORK,Brick/Block Walling,Walls,Rebuilding,"Chimney Breast:Demolish as necessary, clean off, rebuild chimney breast in roof space, in common bricks, bed and point in mortar (1:1:6) to match existing and remove spoil."
115001,AIRBRICK,RENEW WITH PVC,BRICKWORK,Airbricks and Vents,Airbricks,,"Airbrick:Cut out existing airbrick and renew with 225x150mm PVC ventilator, bed and point in cement lime mortar (1:1:6) and make good any finishes, remove spoil."
115003,AIRBRICK,INSTALL NEW PVC VENT,BRICKWORK,Airbricks and Vents,Airbricks,,"Airbrick:Cut or form opening in wall and insert 225x150mm PVC ventilator, bed, point in mortar (1:1:6), insert cavity lining and internal vent with flyscreen, make good finishes, remove spoil."
115005,AIRBRICK,RENEW CLAY OR CONCRETE VENT,BRICKWORK,Airbricks and Vents,Airbricks,,"Airbrick:Cut out existing airbrick and renew with 225x150mm clay/ concrete ventilator, bed and point in cement lime mortar (1:1:6) and make good any finishes, remove spoil."
115007,AIRBRICK,INSTALL NEW CLAY OR CONCRETE VENT,BRICKWORK,Airbricks and Vents,Airbricks,,"Airbrick:Cut or form opening in wall and insert 225x150mm clay/concrete ventilator, bed, point in mortar (1:1:6), insert cavity lining, internal vent with flyscreen, make good, remove spoil."
115009,AIRBRICK,REBED LOOSE VENT,BRICKWORK,Airbricks and Vents,Airbricks,,Vent:Take out loose ventilator or airbrick and rebed and point in cement lime mortar (1:1:6) to match existing.
115011,VENTILATOR,RENEW PVC OR ALUMINIUM,BRICKWORK,Airbricks and Vents,Ventilators,,"Ventilator:Supply and fix 225x150mm Hit and Miss PVC or aluminium ventilator grille fixed to any background including remove any existing ventilator, make good to all finishes, remove spoil."
115012,VENT,INSTALL PROPRIETARY VENT KIT,BRICKWORK,Airbricks and Vents,Ventilators,,"Vent:Supply and install approx. 125mm diameter proprietary ventilator kit complete including core drill openings through external/internal cavity walls, install vent kit, make good, remove spoil."
115014,VENT,INSTALL TUMBLE VENT KIT,BRICKWORK,Airbricks and Vents,Ventilators,,"Vent:Supply and install approx. 100mm diameter tumble drier vent kit complete including 3 metre length of 100mm flexible pvc ducting, cut openings in walls, install kit, make good, remove spoil."
120001,CHIMNEY,REBUILD 4 COURSE 1 FLUE,BRICKWORK,Chimneys,Chimney Stacks,,"Chimney:Take down and rebuild 4 courses to single flue stack, clean/store bricks, rebuild, renew any defective bricks, refix/renew pot, liner, pcc capping, flashings, dpc, make good, remove spoil."
120003,CHIMNEY,REBUILD 1 COURSE 1 FLUE,BRICKWORK,Chimneys,Chimney Stacks,,Chimney:Extra to take down and rebuild single flue stack for each additional course taken down and rebuilt.
120005,CHIMNEY,REBUILD 4 COURSE 2 FLUE,BRICKWORK,Chimneys,Chimney Stacks,,"Chimney:Take down and rebuild 4 courses to two flue stack, clean/store bricks, rebuild, renew any defective bricks, refix/renew pots, liners, pcc capping, flashings, dpc, make good, remove spoil"
120007,CHIMNEY,REBUILD 1 COURSE 2 FLUE,BRICKWORK,Chimneys,Chimney Stacks,,Chimney:Extra to take down and rebuild two flue stack for each additional course taken down and rebuilt.
120009,CHIMNEY,REBUILD 4 COURSE 4 FLUE,BRICKWORK,Chimneys,Chimney Stacks,,"Chimney:Take down and rebuild 4 courses to four flue stack, clean/store bricks, rebuild, renew any defective bricks, refix/renew pots, liners, pcc capping, flashings, dpc, make good, remove spoil."
120011,CHIMNEY,REBUILD 1 COURSE 4 FLUE,BRICKWORK,Chimneys,Chimney Stacks,,Chimney:Extra to take down and rebuild four flue stack for each additional course taken down and rebuilt.
120013,CHIMNEY,REBUILD 4 COURSE 6 FLUE,BRICKWORK,Chimneys,Chimney Stacks,,"Chimney:Take down and rebuild 4 courses to six flue stack, clean/store bricks, rebuild, renew any defective bricks, refix/renew pots, liners, pcc capping, flashings, dpc, make good, remove spoil."
120015,CHIMNEY,REBUILD 1 COURSE 6 FLUE,BRICKWORK,Chimneys,Chimney Stacks,,Chimney:Extra to take down and rebuild six flue stack for each additional course taken down and rebuilt.
120017,CHIMNEY,REBUILD 4 COURSE 8 FLUE,BRICKWORK,Chimneys,Chimney Stacks,,"Chimney:Take down and rebuild 4 courses to eight flue stack, clean/store bricks, rebuild, renew any defective bricks, refix/renew pots, liners, pcc capping, flashings, dpc, make good, remove spoil."
120019,CHIMNEY,REBUILD 1 COURSE 8 FLUE,BRICKWORK,Chimneys,Chimney Stacks,,Chimney:Extra to take down and rebuild eight flue stack for each additional course taken down and rebuilt.
120021,CHIMNEY,DEMOLISH STACK AND MAKE GOOD ROOF,BRICKWORK,Chimneys,Chimney Stacks,,"Chimney:Demolish chimney stack complete down to below roof level, cap flues with pcc slab, cut into flues, insert 225x225mm airbricks, extend roof covering to match existing, remove spoil."
120023,CHIMNEY,SEAL FLUE,BRICKWORK,Chimneys,Chimney Stacks,,"Chimney:Remove pot and seal flue opening to chimney stack with slates bedded in mortar (1:1:6) cut out and insert air vent in chimney breast, make good all works disturbed and remove spoil."
120025,CHIMNEY,RENEW FACING BRICKS NE 6NO,BRICKWORK,Chimneys,Chimney Stacks,,"Chimney:Renew facing brick to chimney stack ne 6 No. cut out defective brick, lay new facing bricks bed, point in mortar to match existing, make good all works disturbed, remove spoil (per brick)."
120027,CHIMNEY,RENEW BRICKS NE 0.50SM,BRICKWORK,Chimneys,Chimney Stacks,,"Chimney:Renew facing bricks in chimney stack in area ne 0.50sm, cut out bricks, lay new facing bricks bed, point in mortar to match existing, make good all works disturbed remove spoil."
120029,CHIMNEY,RAKE OUT AND REPOINT STACK,BRICKWORK,Chimneys,Chimney Stacks,,"Chimney:Rake out joints to brickwork to chimney stack, minimum 12mm, and repoint in cement lime mortar (1:1:6) to match existing make good all works disturbed and remove spoil."
120031,CHIMNEY,RENEW TWO COAT RENDER TO STACK,BRICKWORK,Chimneys,Chimney Stacks,,"Chimney:Renew any thickness of render to chimney, hack off, rake out, apply 18mm two coats cement and sand render trowelled smooth, all labours, make good all works disturbed and remove spoil."
125001,CHIMNEY,BALL FLUE AND CLEAR OBSTRUCTION,BRICKWORK,Chimneys,Flue Sundries,,"Chimney:Ball chimney flue, clear obstruction and clean up including all associated work, and remove spoil."
125003,CHIMNEY,BALL FLUE REMOVE COWL,BRICKWORK,Chimneys,Flue Sundries,,"Chimney:Remove cowl, ball chimney flue, clear obstructions and clean up, refix cowl, including all associated works, and remove spoil."
125005,CHIMNEY,CLEAR BLOCKED FLUE IN ROOF,BRICKWORK,Chimneys,Flue Sundries,,"Chimney:Clear blockage from flue in roof area, cut into flue, remove blockage, rebuild and make good flue and stack and remove spoil."
125007,CHIMNEY,CLEAR BLOCK FLUE IN BREAST,BRICKWORK,Chimneys,Flue Sundries,,"Chimney:Clear blockage from flue in chimney breast, cut hole in breast and flue, remove blockage, make good to flue, breast and wall finishes and remove spoil."
125010,CHIMNEY,SWEEP FLUE - REGISTERED,BRICKWORK,Chimneys,Flue Sundries,,"Chimney:Sweep flue, including protect carpets, furniture etc., and remove spoil, work to be undertaken by a registered chimney sweep."
125011,CHIMNEY,SMOKE TEST AND REPORT,BRICKWORK,Chimneys,Flue Sundries,,Chimney:Smoke test flue including all associated work and written report to Client Representative.
130003,CHIMNEY,RENEW POT NE 900MM HIGH,BRICKWORK,Chimneys,"Chimney Pots, Caps, Cowls Etc",,"Chimney:Renew existing pot with any new pot ne 900mm high including clean off, alter existing opening to suit, bed and flaunch in cement mortar (1:3)."
130007,CHIMNEY,RENEW MARCONE NE 990MM,BRICKWORK,Chimneys,"Chimney Pots, Caps, Cowls Etc",,"Chimney:Renew existing pot with Marcone Flue terminal ne 990mm high including clean off, alter existing opening to suit, bed and flaunch in cement mortar (1:3)."
130009,CHIMNEY,REBED POT,BRICKWORK,Chimneys,"Chimney Pots, Caps, Cowls Etc",,"Chimney:Remove and refix existing pot including clean off pot and flaunching, prepare and rebed in mortar (1:3) and make good flaunching."
130011,CHIMNEY,INSTALL COLT COWL,BRICKWORK,Chimneys,"Chimney Pots, Caps, Cowls Etc",,Chimney:Supply and fix new Colt type cowl to chimney pot.
130013,CHIMNEY,INSTALL AEROCOWL TO POT,BRICKWORK,Chimneys,"Chimney Pots, Caps, Cowls Etc",,Chimney:Supply and fix new 175x150mm diameter Aerocowl to chimney pot.
130015,CHIMNEY,450MM VENTED CAP TO POT,BRICKWORK,Chimneys,"Chimney Pots, Caps, Cowls Etc",,Chimney:Supply and fix new terra cotta vented cap 450mm high to chimney pot.
130017,CHIMNEY,RENEW GC GAS TERMINAL,BRICKWORK,Chimneys,"Chimney Pots, Caps, Cowls Etc",,"Chimney:Supply and fix GC gas terminal including remove old terminal, clean off bed, alter opening to suit and bed and flaunch terminal in mortar (1:3)."
130019,CHIMNEY,RENEW GALVANISED WIRE BIRDCAGE,BRICKWORK,Chimneys,"Chimney Pots, Caps, Cowls Etc",,Chimney:Renew heavy galvanised wire birdcage to any size chimney pot including removal of old cage
130021,CHIMNEY,REMOVE AND REFIX TV AERIAL OR DISH,BRICKWORK,Chimneys,"Chimney Pots, Caps, Cowls Etc",,Chimney:Remove and refix TV Aerial or satellite dish to chimney stack including disconnection and later reconnection and testing (in conjunction with associated chimney works).
198001,CLIENT INSPECTION,BRICKWORK AND STRUCTURE,BRICKWORK,Miscellaenous Works,Brickwork and Structure,Client Inspections,"Client Inspection:Undertake client inspection, testing etc in connection with brickwork or structure, report to Client Representative (any repairs required to be ordered must be instructed by CR)."
201101,ROOF TILE,RENEW CONCRETE INTERLOCKING NE 5 NO,ROOFING,Clay/Concrete Roof Tiling,Concrete Interlocking Roof Tiles to Match Existing,,"Roof Tile:Renew any size and type of concrete interlocking roof tile (in groups ne 5 No.) including remove defective tile, fix new, replace felt and battens if necessary and remove spoil."
201105,ROOF TILE,RENEW CONCRETE INTERLOCKING OVER 5 NO,ROOFING,Clay/Concrete Roof Tiling,Concrete Interlocking Roof Tiles to Match Existing,,Roof Tile:Renew any size and type of concrete interlocking roof tile (in groups over 5 No.) and remove spoil.
201107,ROOF TILE,REMOVE AND REFIX INTERLOCKING NE 5 NO,ROOFING,Clay/Concrete Roof Tiling,Concrete Interlocking Roof Tiles to Match Existing,,Roof Tile:Remove and refix loose concrete interlocking tiles (in groups ne 5 No.).
201109,ROOF TILE,REMOVE REFIX INTERLOCKING OVER 5 NO,ROOFING,Clay/Concrete Roof Tiling,Concrete Interlocking Roof Tiles to Match Existing,,Roof Tile:Remove and refix loose concrete interlocking tile (in groups over 5 No.).
201113,ROOF TILE,OVERHAUL INTERLOCKING ROOF COMPLETE,ROOFING,Clay/Concrete Roof Tiling,Concrete Interlocking Roof Tiles to Match Existing,,"Roof Tile:Overhaul interlocking tile roof, refix loose tiles, renew tiles to match existing, redress, rewedge, repoint all flashings, aprons, gutters etc, renew fillets, repoint ridges."
201150,ROOF COVERING,EXTRA TO RENEW FELT AND BATTENS,ROOFING,Clay/Concrete Roof Tiling,Concrete Interlocking Roof Tiles to Match Existing,,Roof Covering:Extra over any renewal or refixing of roof tiles or slates for renew roofing felt and battens.
201301,ROOF TILE,RENEW PLAIN CONCRETE OR CLAY NE 10 NO,ROOFING,Clay/Concrete Roof Tiling,Concrete or Clay Plain Tiles to Match Existing,,"Roof Tile:Renew any plain concrete or clay roof tile (in groups ne 10 No.) including remove defective tile and fix new, replace felt and battens if necessary and remove spoil."
201303,ROOF TILE,RENEW PLAIN CONCRETE OR CLAY OVER 10 NO,ROOFING,Clay/Concrete Roof Tiling,Concrete or Clay Plain Tiles to Match Existing,,Roof Tile:Renew any plain concrete or clay roof tiles (in groups over 10 No.) and remove spoil.
201307,ROOF TILE,REMOVE AND REFIX PLAIN NE 10 NO,ROOFING,Clay/Concrete Roof Tiling,Concrete or Clay Plain Tiles to Match Existing,,Roof Tile:Remove and refix loose plain concrete or clay roof tile (in groups ne 10 No.).
201309,ROOF TILE,REMOVE AND REFIX PLAIN OVER 10 NO,ROOFING,Clay/Concrete Roof Tiling,Concrete or Clay Plain Tiles to Match Existing,,Roof Tile:Remove and refix loose plain concrete or clay roof tiles (in groups over 10 No.).
201313,ROOF TILE,OVERHAUL PLAIN TILE ROOF COMPLETE,ROOFING,Clay/Concrete Roof Tiling,Concrete or Clay Plain Tiles to Match Existing,,"Roof Tile:Overhaul plain tile roof, refix loose tiles, renew tiles to match existing, redress, rewedge, repoint all flashings, aprons, gutters etc, renew fillets, repoint ridges."
201501,VERGE,RAKE OUT AND REPOINT IN MORTAR,ROOFING,Clay/Concrete Roof Tiling,Concrete or Clay Plain Tiles to Match Existing,,Verge:Rake out and repoint verge tiles with coloured mortar (1:3) to match existing.
201503,VERGE,RENEW TILE VERGE,ROOFING,Clay/Concrete Roof Tiling,Concrete or Clay Plain Tiles to Match Existing,,"Verge:Renew verge and undercloak to tiles bed, point in coloured mortar (1:3) including all cutting of tiles and refix or renew stainless steel verge clips, remove spoil."
201505,VERGE,REMOVE AND REFIX TILE,ROOFING,Clay/Concrete Roof Tiling,Concrete or Clay Plain Tiles to Match Existing,,Verge:Remove and refix loose verge tiles bedded and pointed in coloured mortar (1:3) including refix or renew stainless steel verge clips as necessary.
201703,RIDGE,RENEW BEDDED TILE,ROOFING,Clay/Concrete Roof Tiling,"Concrete or Clay Bedded Ridges, Hips and Valley Tiles",,Ridge:Renew half round or angled ridge or hip tiles edge bedded onto roofing tiles with solid bedding at butt joints in coloured mortar (1:3) and remove spoil.
201711,RIDGE,RENEW MONO-PITCH TILES,ROOFING,Clay/Concrete Roof Tiling,"Concrete or Clay Bedded Ridges, Hips and Valley Tiles",,Ridge:Renew angled monopitch ridge or hip tiles edge bedded onto roofing tiles and with solid bedding at butt joints and mechanically fixed through tile to timber battens and remove spoil.
201715,RIDGE,REMOVE AND REFIX TILES,ROOFING,Clay/Concrete Roof Tiling,"Concrete or Clay Bedded Ridges, Hips and Valley Tiles",,Ridge:Remove and refix any loose ridge or hip tiles edge bedded onto roof tiles and with solid bedding at butt joints in coloured mortar (1:3) and mechanically fixed where necessary.
201717,RIDGE,RAKE OUT AND REPOINT TILES,ROOFING,Clay/Concrete Roof Tiling,"Concrete or Clay Bedded Ridges, Hips and Valley Tiles",,"Ridge:Rake out and repoint ridge, hip or valley tiles with coloured mortar (1:3)."
201719,RIDGE,RENEW ANY TYPE GAS FLUE TERMINAL TILE,ROOFING,Clay/Concrete Roof Tiling,"Concrete or Clay Bedded Ridges, Hips and Valley Tiles",,"Ridge:Renew any type of gas flue ridge terminal, remove existing, fix new with edges bedded onto roof tiles and with solid bedding at butt joint in coloured mortar (1:3) and remove spoil."
201725,HIP,RENEW BONNET HIP TILES,ROOFING,Clay/Concrete Roof Tiling,"Concrete or Clay Bedded Ridges, Hips and Valley Tiles",,"Hip:Renew bonnet hip tile nailed to hip rafters with 65mm aluminium alloy nails and with mortar bedding (1:3) under each bonnet tile, struck off smoothly at lower edges of hip tile, remove spoil."
201727,HIP,RENEW GALVANISED HIP IRON,ROOFING,Clay/Concrete Roof Tiling,"Concrete or Clay Bedded Ridges, Hips and Valley Tiles",,"Hip:Renew galvanised hip iron including remove, rebed and repoint isolated hip tile."
201731,VALLEY,RENEW VALLEY TILES,ROOFING,Clay/Concrete Roof Tiling,"Concrete or Clay Bedded Ridges, Hips and Valley Tiles",,"Valley:Renew any type of valley tile including remove existing tile, lay new tile to bond with existing roof tiles including take up and relay adjacent tiles as necessary and remove spoil."
201735,VALLEY,RENEW TROUGH VALLEY TILES,ROOFING,Clay/Concrete Roof Tiling,"Concrete or Clay Bedded Ridges, Hips and Valley Tiles",,"Valley:Renew any type of trough valley tile incl. remove existing tile, lay new tile, renew battens, remove, refix tiles, felt etc., to either sides of valley, remake mortar bedding and remove spoil."
203101,SLATE,RENEW FIBRE CEMENT NE 5 NO,ROOFING,Slate Roofing,Fibre Cement Slating,,"Slate:Renew fibre cement slate to roof, take out defective slate, fix new with copper nails and disc rivet, renew defective battens and felt as necessary and remove spoil (in group ne 5 No.)."
203103,SLATE,RENEW FIBRE CEMENT OVER 5 NO,ROOFING,Slate Roofing,Fibre Cement Slating,,Slate:Renew fibre cement slates to roof including remove existing and fix new with copper nails and disc rivet and remove spoil (in group over 5 No.).
203107,SLATE,REFIX FIBRE CEMENT NE 5 NO,ROOFING,Slate Roofing,Fibre Cement Slating,,Slate:Remove and refix loose slate including fixing with new copper nails and disc rivet and renew defective felt and battens as necessary (in group ne 5 No.).
203109,SLATE,REFIX FIBRE CEMENT OVER 5 NO,ROOFING,Slate Roofing,Fibre Cement Slating,,Slate:Remove and refix loose slates including fixing with copper nails and disc rivet (in group over 5 No.).
203301,SLATE,RENEW NATURAL SLATE NE 5 NO,ROOFING,Slate Roofing,Natural Slating,,Slate:Renew any size natural slate to roof fixed with clips or copper nails including renewing defective felt and battens as necessary and remove spoil (in group ne 5 No.).
203303,SLATE,RENEW NATURAL SLATES OVER 5 NO,ROOFING,Slate Roofing,Natural Slating,,Slate:Renew any size natural slates to roof fixed with clips or copper nails and remove spoil (in group over 5 No.).
203307,SLATE,REFIX NATURAL SLATES NE 5 NO,ROOFING,Slate Roofing,Natural Slating,,Slate:Remove and refix any size loose natural slate fixed with clips or copper nails including renewing defective roofing felt and battens as necessary (in group ne 5 No.).
203309,SLATE,REFIX NATURAL SLATES OVER 5 NO,ROOFING,Slate Roofing,Natural Slating,,Slate:Remove and refix any size loose natural slates fixed with clips or copper nails (in group over 5 No.).
203503,RIDGE,RENEW HALF ROUND OR ROLL TOP TILE TO SLATING,ROOFING,Slate Roofing,Fibre Cement Slating,"Ridge, Verge and Hips Tiles","Ridge:Renew half round or roll top ridge or hip tile fixed with galvanised steel clips and roofing screws with plastic washers including bed in mastic as per manufacturers instructions, remove spoil."
203511,RIDGE,RENEW MONO OR DUO-PITCH TILE TO SLATING,ROOFING,Slate Roofing,Fibre Cement Slating,"Ridge, Verge and Hips Tiles",Ridge:Renew mono or duo-pitch ridge or hip tile fixed with roofing screws with plastic washers including bedding in mastic as per manufacturers instructions and remove spoil.
203517,RIDGE,RENEW GAS VENTILATION TO SLATING,ROOFING,Slate Roofing,Fibre Cement Slating,"Ridge, Verge and Hips Tiles","Ridge:Renew duo-pitch gas ventilation ridge, fixed with roofing screws with plastic washers including bedding in mastic as per manufacturers instructions and remove spoil."
203519,VERGE,RAKE OUT AND REPOINT IN MORTAR TO SLATING,ROOFING,Slate Roofing,Fibre Cement Slating,"Ridge, Verge and Hips Tiles",Verge:Rake out and repoint verge tiles to slate roof with coloured mortar (1:3) to match existing.
205001,TILE,RENEW HANGING TILE NE 10 NO,ROOFING,Vertical Coverings,Vertical Tile Hanging,,"Tile:Renew any plain concrete or clay hanging tile (in group ne 10 No.) including remove defective tile and fix new, and remove spoil."
205003,TILE,RENEW HANGING TILES OVER 10 NO,ROOFING,Vertical Coverings,Vertical Tile Hanging,,Tile:Renew any plain concrete or clay hanging tiles (in group over 10 No.) and remove spoil.
205006,VERTICAL COVERING,EXTRA TO RENEW FELT AND BATTENS,ROOFING,Vertical Coverings,Vertical Tile Hanging,,Vertical Covering:Extra over any renewal or refixing of roof tiles or slates for renew roofing felt and battens.
205007,TILE,REFIX HANGING NE 10 NO,ROOFING,Vertical Coverings,Vertical Tile Hanging,,Tile:Remove and refix loose plain concrete or clay hanging tiles (in group ne 10 No.).
205009,TILE,REFIX HANGING OVER 10 NO,ROOFING,Vertical Coverings,Vertical Tile Hanging,,Tile:Remove and refix loose plain concrete or clay hanging tiles (in group over 10 No.).
205013,TILE,RENEW FEATURE TILE HANGING,ROOFING,Vertical Coverings,Vertical Tile Hanging,,"Tile:Renew any pattern or feature tile to tile hanging including remove defective tile and fix new, and remove spoil."
205015,TILE,RENEW ANGLE HANGING TILE,ROOFING,Vertical Coverings,Vertical Tile Hanging,,"Tile:Renew internal or external angle tile to tile hanging including remove tiles for access, remove defective tile, fix new, reinstate tile hanging, and remove spoil."
207001,SLATE,RENEW HANGING SLATE NE 5 NO,ROOFING,Vertical Coverings,Vertical Fibre Cement Slating,,"Slate:Renew fibre cement hanging slate including take out defective slate, fix new, renew defective battens, felt as necessary, remove spoil (in group ne 5 No.)."
207003,SLATE,RENEW HANGING SLATES OVER 5 NO,ROOFING,Vertical Coverings,Vertical Fibre Cement Slating,,Slate:Renew fibre cement hanging slates including remove existing and fix new with copper nails and disc rivet or clips and remove spoil (in group over 5 No.).
207007,SLATE,REFIX HANGING SLATE NE 5 NO,ROOFING,Vertical Coverings,Vertical Fibre Cement Slating,,"Slate:Remove and refix loose hanging slate incl. fixing with new copper nails and disc rivet or clips, renew defective felt and battens as necessary (in group ne 5 No.)."
207009,SLATE,REFIX HANGING SLATE OVER 5 NO,ROOFING,Vertical Coverings,Vertical Fibre Cement Slating,,Slate:Remove and refix loose hanging slates incl. fixing with copper nails and disc rivet or clips (in group over 5 No.).
209001,VERGE,RENEW DRY OR CLOAKED VERGE COMPLETE,ROOFING,Clay/Concrete Roof Tiling,"Dry Verge, Ridge and Hip Tiles",,"Verge:Renew dry or cloaked verge complete, remove/refix tiles as necessary, remove existing, fix new dry or cloaked verge and half tile, end stops, jointing pieces, ridge end units, make good."
209003,VERGE,REFIX DRY OR CLOAKED VERGE COMPLETE,ROOFING,Clay/Concrete Roof Tiling,"Dry Verge, Ridge and Hip Tiles",,"Verge:Refix dry verge complete, remove/refix tiles as necessary, remove existing and refix dry verge or cloaked verge and half tile including end stops, jointing pieces, ridge end units, make good."
209005,VERGE,RENEW OR REFIX DRY VERGE RIDGE OR END STOP,ROOFING,Clay/Concrete Roof Tiling,"Dry Verge, Ridge and Hip Tiles",,Verge:Renew or refix dry verge ridge end or end stop.
209015,RIDGE,RENEW DRY RIDGE TILES,ROOFING,Clay/Concrete Roof Tiling,"Dry Verge, Ridge and Hip Tiles",,"Ridge:Renew any type of dry ridge tile including remove existing, renew filler units, fix new dry ridge tile to ridge board, ridge to ridge sealing pieces and blocked end ridge tiles, remove spoil."
209017,RIDGE,RENEW DRY RIDGE GAS FLUE TERMINAL,ROOFING,Clay/Concrete Roof Tiling,"Dry Verge, Ridge and Hip Tiles",,Ridge:Renew Gas flue ridge terminal to any dry ridge system including remove existing and fix new with stainless steel nails with neoprene washers to ridge including renew profile filler units.
210001,GREEN ROOF,ANNUAL MAINTENANCE - SEDUMS,ROOFING,Green Rooing,Maintenance,,"Green Roof:Undertake annual maintenance to green sedum roof , overhaul, remove litter, deweed and replant as necessary, check water retention, water if necessary, remove debris and waste."
210003,GREEN ROOF,ANNUAL MAINTENANCE – SEDUMS ROCK PLANTS,ROOFING,Green Rooing,Maintenance,,"Green Roof:Undertake annual maintenance to sedum and rock plant green roof, overhaul, remove litter, deweed, replant as necessary, check water retention, water if necessary, remove debris and waste."
210101,GREEN ROOF,WATER IN PERIODS OF DROUGHT,ROOFING,Green Rooing,Maintenance,,"Green Roof:Undertake when instructed in periods of drought, watering to any type of green roof and check water retention, remove any litter, debris and waste."
211001,VENT,RENEW VENT ROOF TILE UNIT,ROOFING,Clay/Concrete Roof Tiling,Roof Ventilation,,"Vent:Renew or supply and fix new ventilation roof tile unit complete to match existing roof tiles or slates including remove, refix adjacent tiles as necessary."
211003,RIDGE,RENEW WITH HALF ROUND OR ANGLE VENT TILE,ROOFING,Clay/Concrete Roof Tiling,Roof Ventilation,,"Ridge:Remove half round or angle ridge tile and renew with ventilator ridge tile, edge bedded onto roof tiles and with solid bedding at butt joints in coloured mortar (1:3) andremove spoil."
211009,RIDGE,RENEW DRY VENT TILES,ROOFING,Clay/Concrete Roof Tiling,Roof Ventilation,,"Ridge:Renew any type of dry vent ridge tile including remove existing, renew filler units/air flow control units, fix new dry vent ridge tile system complete and remove spoil."
211011,VENT,RENEW EAVES VENTILATORS,ROOFING,Clay/Concrete Roof Tiling,Roof Ventilation,,"Vent:Renew or supply and fix new eaves ventilators complete including remove and refix tiles and underlay as necessary, and fix in accordance with manufacturers instructions and remove spoil."
213001,SHEETING,RENEW GALVANISED CORRUGATED IRON,ROOFING,Sheet Roofing,Sheet Roof Coverings,,Sheeting:Renew 24 gauge galvanised corrugated iron sheeting fixed with hook bolts or drive screws complete with caps and washers and remove spoil.
213003,SHEETING,RENEW CORRUGATED REINFORCED CEMENT,ROOFING,Sheet Roofing,Sheet Roof Coverings,,Sheeting:Renew corrugated reinforced asbestos free cement sheeting fixed with hook bolts or drive screws complete with caps and washers and remove spoil.
213005,SHEETING,RENEW CLEAR PLASTIC,ROOFING,Sheet Roofing,Sheet Roof Coverings,,Sheeting:Renew clear plastic corrugated sheeting fixed with hook bolts or drive screws complete with caps and washers and remove spoil.
213007,SHEETING,RENEW COLOURED PLASTIC,ROOFING,Sheet Roofing,Sheet Roof Coverings,,Sheeting:Renew coloured plastic corrugated sheeting fixed with hook bolts or drive screws complete with caps and washers and remove spoil.
213009,SHEETING,RENEW TRANSLUCENT,ROOFING,Sheet Roofing,Sheet Roof Coverings,,Sheeting:Renew corrugated fire resisting glass fibre reinforced translucent sheeting fixed with hook bolts or drive screws complete with caps and washers and remove spoil.
213011,SHEETING,RENEW PVC COLOUR COATED,ROOFING,Sheet Roofing,Sheet Roof Coverings,,Sheeting:Renew PVC colour coated both sides galvanised steel profiled sheeting 0.70mm thick fixed with hook bolts and washers and remove spoil.
213013,SHEETING,RENEW EAVES FILLER PCE,ROOFING,Sheet Roofing,Sheet Roof Coverings,,Sheeting:Renew eaves filler piece to corrugated roof sheeting and remove spoil.
213015,SHEETING,RENEW TWO PIECE RIDGE,ROOFING,Sheet Roofing,Sheet Roof Coverings,,Sheeting:Renew two piece ridge to corrugated roof sheeting and remove spoil.
215001,ROOF,SWEEP AND APPLY WP COMPOUND,ROOFING,Remidial Works,Liquid Applied Waterproof Roof Covering,,"Roof:Sweep off and apply two coats of waterproofing compound and apply sand dressing between coats, remove spoil."
215003,ROOF,SEALING COMPOUND TO CRACKS,ROOFING,Remidial Works,Liquid Applied Waterproof Roof Covering,,Roofing:Apply sealing compound to cracks to roof or leadwork.
215005,ROOF,SWEEP AND APPLY BITUMEN,ROOFING,Remidial Works,Liquid Applied Waterproof Roof Covering,,"Roofing:Brush off loose chippings and clean down roof and apply three coats of bitumen compound, remove spoil."
215007,ROOF,SWEEP AND APPLY STONE CHIPPINGS,ROOFING,Remidial Works,Liquid Applied Waterproof Roof Covering,,"Roofing:Brush off loose chippings from roof and supply and lay limestone chippings bonded with hot bitumen compound, remove spoil."
215009,ROOF,PREPARE AND PATCH NE 2.0SM,ROOFING,Remidial Works,Liquid Applied Waterproof Roof Covering,,"Roofing:Prepare and apply two coats of approved liquid applied roof coating to roofing felt, in patches ne 2.00sm."
215011,ROOF,PREPARE AND PATCH OVER 2.0SM,ROOFING,Remidial Works,Liquid Applied Waterproof Roof Covering,,"Roofing:Prepare and apply two coats of approved liquid applied roof coating to roofing felt, in areas over 2.00sm remove spoil."
215013,GUTTER,APPLY 2 COATS WATERPROOF TO FINLOCK,ROOFING,Remidial Works,Liquid Applied Waterproof Roof Covering,,"Gutter:Clean out gutter, rake out and apply sealant to joints and prepare and apply two coats of proprietary waterproof sealing compound to inside surfaces of Finlock gutter remove spoil."
217001,FELT,RENEW HP PLAIN OR MINERAL FINISH 2L,ROOFING,Felt Roofing,Felt Roofing,Two Layer,"Felt:Renew felt roofing with two layer high performance felt, strip and remove existing covering, prepare and lay roofing with plain or mineral surface finish to top layer, all labours."
217003,FELT,RENEW HP STONE CHIPPINGS 2L,ROOFING,Felt Roofing,Felt Roofing,Two Layer,"Felt:Renew felt roofing with two layer high performance felt, strip and remove existing covering, prepare and lay roofing with stone chippings to top layer, all labours."
217005,FELT,RENEW HP TORCH ON PLAIN OR MINERAL 2L,ROOFING,Felt Roofing,Felt Roofing,Two Layer,"Felt:Renew felt roofing with two layer high performance Torch On felt, strip and remove existing covering, prepare and lay roofing with plain or mineral surface finish to top layer."
217007,FELT,RENEW HP TORCH ON CHIPPINGS 2L,ROOFING,Felt Roofing,Felt Roofing,Two Layer,"Felt:Renew felt roofing with two layer high performance Torch On felt, strip and remove existing covering, prepare and lay roofing with stone chippings to top layer, all labours."
217009,FELT,REPAIR PATCH NE 2.0SM 2L,ROOFING,Felt Roofing,Felt Roofing,Two Layer,"Felt:Repair patch ne 2.00sm including brush or clear away chippings, cut out top layer of felt, cover with new felt, bond with bitumen to adjacent layers, relay or renew chippings, remove spoil."
217013,FELT,REPAIR NE 2.0SM (TORCH ON) 2L,ROOFING,Felt Roofing,Felt Roofing,Two Layer,"Felt:Repair patch ne 2.00sm with Torch On felt roofing system, cut out defective layer of felt, heat new felt and lay and bond over adjacent layers, relay or renew chippings, remove spoil."
217019,FELT,REPAIR UPSTAND NE 300MM GIRTH 2L,ROOFING,Felt Roofing,Felt Roofing,Two Layer,"Felt:Repair upstand ne 300mm girth including cut out top layer of felt, cover with new mineral felt bond with bitumen to adjacent layers, rake out chase and repoint in cement mortar, remove spoil."
217021,FELT,RENEW ANY GIRTH GUTTER 2L,ROOFING,Felt Roofing,Felt Roofing,Two Layer,Felt:Renew two layer felt to any girth gutter including remove defective felt and lay new felt bedded in hot bitumen remove spoil.
217023,FELT,SEAL ROOFING AROUND OUTLET,ROOFING,Felt Roofing,Felt Roofing,Two Layer,Felt:Reseal around rainwater outlet with hot bitumen.
217025,FELT,RENEW ALUMINIUM EDGING,ROOFING,Felt Roofing,Felt Roofing,Two Layer,"Felt:Take off existing, clear away and renew preformed aluminium edging including all angles and ends, dress felt roofing into groove, remove spoil."
217027,FELT,FIX FLASHBAND NE 300MM GIRTH,ROOFING,Felt Roofing,Felt Roofing,Two Layer,Felt:Fix flashband upstand or skirting ne 300mm girth including prime surface.
217029,FELT,APPLY SOLAR REFLECT PAINT (PER COAT),ROOFING,Felt Roofing,Felt Roofing,Two Layer,Felt:Prepare and apply solar reflective paint to general surfaces of felt roofing (per coat).
217031,FELT,RENEW CHIPPINGS,ROOFING,Felt Roofing,Felt Roofing,Two Layer,"Felt:Renew chippings to roof including remove old chippings and clear away, apply cold compound and spread new chippings (as sole job) remove spoil."
217101,FELT,RENEW HP PLAIN OR MINERAL FINISH 3L,ROOFING,Felt Roofing,Felt Roofing,Three Layer,"Felt:Renew felt roofing with three layer high performance felt, strip and remove existing covering, prepare and lay roofing with plain or mineral surface finish to top layer, all labours."
217103,FELT,RENEW HP STONE CHIPPINGS 3L,ROOFING,Felt Roofing,Felt Roofing,Three Layer,"Felt:Renew felt roofing with three layer high performance felt, strip and remove existing covering, prepare and lay roofing with stone chippings to top layer, all labours."
217105,FELT,RENEW HP TORCH ON PLAIN OR MINERAL 3L,ROOFING,Felt Roofing,Felt Roofing,Three Layer,"Felt:Renew felt roofing with three layer high performance Torch On felt, strip and remove existing covering, prepare and lay roofing with plain or mineral surface finish to top layer."
217107,FELT,RENEW HP TORCH ON CHIPPINGS 3L,ROOFING,Felt Roofing,Felt Roofing,Three Layer,"Felt:Renew felt roofing with three layer high performance Torch On felt, strip and remove existing covering, prepare and lay roofing with stone chippings to top layer, all labours."
217109,FELT,REPAIR PATCH NE 2.0SM 3L,ROOFING,Felt Roofing,Felt Roofing,Three Layer,"Felt:Repair patch ne 2.00sm including brush or clear away chippings, cut out top two layers of felt, lay new felt bond with bitumen to adjacent layers, relay or renew chippings, remove spoil."
217113,FELT,REPAIR NE 2.0SM (TORCH ON) 3L,ROOFING,Felt Roofing,Felt Roofing,Three Layer,"Felt:Repair patch ne 2.00sm with torch on felt roofing system, cut out top two layers of felt, heat new felt and lay and bond over adjacent layers, relay or renew chippings, remove spoil."
217119,FELT,REPAIR UPSTAND NE 300MM GIRTH 3L,ROOFING,Felt Roofing,Felt Roofing,Three Layer,"Felt:Repair upstand ne 300mm girth including cut out top two layers of felt, cover with new mineral felt bond with bitumen to adjacent layers, rake out chase and repoint in mortar, remove spoil."
217121,FELT,RENEW ANY GIRTH GUTTER 3L,ROOFING,Felt Roofing,Felt Roofing,Three Layer,"Felt:Renew three layer felt to any size gutter including remove defective felt and lay new felt bedded in hot bitumen, remove spoil."
219001,ASPHALT,RENEW 20MM IN PATCH NE 2.0SM,ROOFING,Asphalt Roofing,Asphalt Roof Coverings,,"Asphalt:Renew 20mm asphalt roof finish in patch ne 2.00sm, cut out defective roof finish, renew membrane, lay asphalt in two layers, bond to existing asphalt, finish smooth to match existing."
219003,ASPHALT,RENEW IN AREAS,ROOFING,Asphalt Roofing,Asphalt Roof Coverings,,"Asphalt:Renew 20mm asphalt roof finish comprising isolating membrane, asphalt laid in two layers and bond to existing asphalt and finish smooth to match existing levels, remove spoil."
219005,ASPHALT,RENEW 25MM TO BALCONY,ROOFING,Asphalt Roofing,Asphalt Roof Coverings,,"Asphalt:Renew asphalt to access balcony including take up existing asphalt and underlay, lay 25mm two coat work to deck and gutter on new isolating membrane, 13mm work to upstands, all labours."
219009,ASPHALT,RENEW SKIRTING,ROOFING,Asphalt Roofing,Asphalt Roof Coverings,,"Asphalt:Renew asphalt skirting ne 225mm high comprising 13mm two coat asphalt including all angles, coves and fillets, turn top edge into prepared groove, remove spoil."
219011,ASPHALT,RENEW TO BOX GUTTER,ROOFING,Asphalt Roofing,Asphalt Roof Coverings,,"Asphalt:Renew asphalt to any size box gutter, take up existing and relay or renew gutter sole board, form all angle fillets, skirtings etc, turn into groove or metal edge trim, remove spoil."
219013,ASPHALT,MAKE GOOD CRACK NE 1.0M,ROOFING,Asphalt Roofing,Asphalt Roof Coverings,,"Asphalt:Make good crack in asphalt ne 1.00m long, rake out, clean up and iron in crack."
219015,ASPHALT,MAKE GOOD CRACK OVER 1.0M,ROOFING,Asphalt Roofing,Asphalt Roof Coverings,,"Asphalt:Make good crack in asphalt over 1.00m long, rake out, clean up and iron in crack."
219017,ASPHALT,REFORM COLLAR TO PIPES,ROOFING,Asphalt Roofing,Asphalt Roof Coverings,,"Asphalt:Reform collar around pipes, balusters and the like in 20mm two coat asphalt, work ne 140mm diameter and ne 100mm high."
219019,ASPHALT,MAKE GOOD BLISTER,ROOFING,Asphalt Roofing,Asphalt Roof Coverings,,Asphalt:Cut out isolated blister in existing roof and make good in asphalt to match existing including all bonding to adjacent surfaces.
219023,ASPHALT,REFORM INTO OUTLET,ROOFING,Asphalt Roofing,Asphalt Roof Coverings,,Asphalt:Cut out as necessary and reform asphalt into any type and or size of roof outlet including all bonding to adjacent surfaces and dressing into outlet.
219025,ASPHALT,APPLY SOLAR REFLECTIVE PAINT,ROOFING,Asphalt Roofing,Asphalt Roof Coverings,,Asphalt:Prepare and apply solar reflective paint to asphalt roofing (per coat).
221001,CLIENT INSPECTION,PROVIDE AND ERECT LADDER,ROOFING,Remidial Works,Inspections,,Inspection:Provide and erect ladder for inspection in conjunction with Client Representative to eaves level of roof to property ne 2 storey and remove on completion.
221003,CLIENT INSPECTION,REMOVE ALL DEBRIS ETC,ROOFING,Remidial Works,Inspections,,"Inspection:Remove all debris, plant, moss etc., from roof to allow inspection for leaks by Client Representative."
223001,ROOF,TEMPORARY REPAIR SLATE OR TILE ROOF,ROOFING,Remidial Works,Temporary Repairs,,"Roof:Carry out temporary repairs to any type of slate/tiled area of roof as required to ensure area is weatherproof, provide report to Client Representative."
223003,ROOF,TEMPORARY REPAIR FLAT ROOF,ROOFING,Remidial Works,Temporary Repairs,,"Roof:Carry out temporary repairs to any type of flat roof area as required to ensure area is weatherproof, provide report to Client Representative."
223005,ROOF,SUPPLY AND FIX AND LATER REMOVE TARPAULIN,ROOFING,Remidial Works,Temporary Repairs,,Roof:Supply and fix tarpaulin sheet approx 4x3m to roof as temporary repair and later remove and clear away.
223009,renew through valley tile,renew through valley tile,ROOFING,Remidial Works,Temporary Repairs,,"Roof:Carry out temporary repairs to any type of corrugated sheet area of roof as required to ensure area is weatherproof, provide report to Client Representative."
223011,ROOF,FIX ROOF LEAK TO PITCHED ROOF,ROOFING,Remidial Works,Temporary Repairs,,"Roof:Carry out repair to any type of slate/tiled area of roof as required to ensure area is weatherproof, including renew or refix any size and type of tile or slates in patch to roof."
223013,ROOF,FIX ROOF LEAK TO FLAT ROOF,ROOFING,Remidial Works,Temporary Repairs,,"Roof:Carry out repairs to any type of flat roof area as required to ensure area is weatherproof, including repair patch ne 2.00sm in Torch On felt roofing system or asphalt roof finish."
225001,FILLET,RENEW CEMENT MORTAR FILLET,ROOFING,Remidial Works,Sundry Items,,Fillet:Hack off existing and renew cement mortar fillet (1:3).
225003,ROOFING,SCREED ROOF,ROOFING,Remidial Works,Sundry Items,,Roofing:Screed roof in cement and sand (1:3) including fixing and striking shuttering and applying new bonding agent to surface.
227005,INSULATION,LAY UPTO 270MM THICK QUILT,ROOFING,Sundry Works,Loft Insulation,,Insulation:Supply and lay upto 270mm thick insulation quilt to loft area including gain access and moving/replacing contents within loft area in order to undertake work.
227007,CLIENT INSPECTION,REMOVE AND RELAY INSULATION,ROOFING,Sundry Works,Loft Insulation,,"Client Inspection:Remove, set aside, relay insulation quilt to loft area, gain access, move and replace contents in loft in order to undertake CR inspection. (Any repairs required ordered separately)."
229001,ROOF BOARDING,RENEW WOODWOOL SLABS,ROOFING,Sundry Works,Roof Boarding,,"Roof Boarding:Renew 50mm woodwool slab finished with cement slurry screed roof boarding, including denail rafters or joists, remove spoil, punch in nails and level to existing and make good."
229003,ROOF BOARDING,RENEW IN 19MM PLYWOOD,ROOFING,Sundry Works,Roof Boarding,,"Roof Boarding:Renew 19mm WPB quality plywood roof boarding including denail rafters or joists, remove spoil, punch in nails and level to existing, and make good."
229005,ROOF BOARDING,RENEW IN 18MM CHIPBOARD,ROOFING,Sundry Works,Roof Boarding,,"Roof Boarding:Renew 18mm, V313 grade chipboard roof boarding including denail rafters or joists, remove spoil, punch in nails and level to existing, and make good."
229007,ROOF BOARDING,RENEW IN 18MM PREFELTED PLYWOOD,ROOFING,Sundry Works,Roof Boarding,,"Roof Boarding:Renew 19mm thick prefelted plywood decking including denail rafters or joists, remove spoil, punch in nails, level to existing, make good tape joints, prepare to receive felt roofing."
229009,ROOF BOARDING,RENEW TIMBER FIRRINGS,ROOFING,Sundry Works,Roof Boarding,,Roof Boarding:Renew ne 50x50mm tapered softwood firrings to roof joists.
231001,SLATE,RENEW LEAD TO PIPE,ROOFING,Leadwork,Lead Roof Coverings and Flashings,Code 4,Slate:Remove existing lead or proprietary slate to ne 150mm diameter pipe and replace with 500x500mm lead slate with 200mm high collar to ne 150mm diameter pipe including all labours.
231003,SLATE,RENEW PROPRIETARY TO PIPE,ROOFING,Leadwork,Lead Roof Coverings and Flashings,Code 5,Slate:Remove existing lead or proprietary slate to ne 150mm diameter pipe and replace with proprietary slate with ne 200mm high collar to ne 150mm diameter pipe including all labours.
231005,FLASHING,RENEW LEAD COVER NE 150MM,ROOFING,Leadwork,Lead Roof Coverings and Flashings,Code 6,"Flashing:Renew lead cover flashing ne 150mm girth, clean out groove of brickwork, wedge with lead and repoint in mastic including all necessary labours."
231009,FLASHING,RENEW LEAD STEPPED NE 225MM,ROOFING,Leadwork,Lead Roof Coverings and Flashings,Code 7,"Flashing:Renew lead stepped flashing ne 225mm girth, clean out groove of brickwork, wedge with lead and repoint in mastic including all necessary labours."
231011,FLASHING,RENEW LEAD APRON NE 300MM,ROOFING,Leadwork,Lead Roof Coverings and Flashings,Code 8,"Flashing:Renew lead apron flashing ne 300mm girth, clean out groove of brickwork, wedge with lead and repoint in mastic including all necessary labours."
231013,FLASHING,TAKE OFF AND REFIX LEAD,ROOFING,Leadwork,Lead Roof Coverings and Flashings,Code 9,"Flashing:Take off lead flashing, set aside, hack out pointing, clean out groove of brickwork, refix flashing and wedge with lead and repoint in mastic."
231015,FLASHING,RAKE OUT AND REPOINT LEAD,ROOFING,Leadwork,Lead Roof Coverings and Flashings,Code 10,Flashing:Rake out pointing of flashing and repoint in mastic.
231017,FIREWALL,RENEW LEAD FLASHINGS TO COPINGS,ROOFING,Leadwork,Lead Roof Coverings and Flashings,Code 11,"Firewall:Remove existing coping stones and clear away, renew lead flashings to both sides of firewall, all dressings etc point in mastic, lay new pcc coping stones bed, point in mortar (1:3)."
231020,GUTTER,RENEW LEAD LINING NE 500MM GIRTH,ROOFING,Leadwork,Lead Roof Coverings and Flashings,Code 12,"Gutter:Renew lead chimney or parapet gutter lining ne 500mm girth, clean out groove of brickwork, wedge with lead and repoint in mastic including all necessary labours."
231021,VALLEY,RENEW LEAD GUTTER NE 800MM GIRTH,ROOFING,Leadwork,Lead Roof Coverings and Flashings,Code 13,"Valley:Renew lead valley gutter ne 800mm girth, remove and refix roof tiles or slates and battens as required, including all necessary labours."
231023,VALLEY,RENEW LEAD GUTTER AND BOARDS,ROOFING,Leadwork,Lead Roof Coverings and Flashings,Code 14,"Valley:Renew lead valley gutter ne 800mm girth, complete with valley boards and tilting fillets, remove and refix roof tiles or slates as required, including all labours."
231025,VALLEY,REPAIR LEAK TO LEADWORK,ROOFING,Leadwork,Lead Roof Coverings and Flashings,Code 15,"Valley:Repair leak in lead valley with wiped joint or soldered on patch, remove and refix tiles and or slates as necessary (measured per valley)."
231027,SOAKER,RENEW OR REFIX LEAD,ROOFING,Leadwork,Lead Roof Coverings and Flashings,Code 16,"Soaker:Take off lead soaker, set aside, refix or renew lead soaker ne 250x330mm, including all necessary labours."
231031,ROOF,RENEW LEAD ROOF COVERING,ROOFING,Leadwork,Lead Roof Coverings and Flashings,Code 17,"Roof:Renew lead roof covering including remove old lead, cut, fit and dress new roof covering including all nailing and caps, drips, welted edges, bossed ends and intersections, all labours."
231033,PORCH,RENEW LEAD COVERING TO PORCH,ROOFING,Leadwork,Lead Roof Coverings and Flashings,Code 18,"Porch:Renew lead covering to porch including remove old lead, cut, fit and dress new covering including all nailing and caps, drips, welted edges, bossed ends, intersections and all labours."
231035,DORMERS,RENEW LEAD TO DORMERS,ROOFING,Leadwork,Lead Roof Coverings and Flashings,Code 19,"Dormers:Renew lead covering to dormers including remove old lead, cut, fit and dress new covering including all nailing and caps, drips, welted edges, bossed ends, intersections and all labours."
231037,BOW/BAY,RENEW LEAD FLAT ROOF NE 3.0SM,ROOFING,Leadwork,Lead Roof Coverings and Flashings,Code 20,"Bow/Bay:Renew lead covering to flat bow/bay roof ne 3.00sm, remove old lead, cut, fit dress new covering with all nailing, caps, drips, welted edges, bossed ends, dressings, all labours."
231039,BOW/BAY,RENEW LEAD SLOPING ROOF NE 3.0SM,ROOFING,Leadwork,Lead Roof Coverings and Flashings,Code 21,"Bow/Bay:Renew lead covering to sloping bow/bay roof ne 3.00sm, remove old lead, cut, fit, dress new covering with all nailing caps, drips, welted edges, bossed ends, dressings, all labours."
298001,CLIENT INSPECTION,ROOFING,ROOFING,Miscellaneous Works,Roofing,Client Inspection,"Client Inspection:Undertake client inspection, testing etc in connection with roofing, report to Client Representative (any repairs required to be ordered must be instructed by CR)."
301103,JOIST,RENEW NE 100MM DEEP TO FLOOR,CARPENTRY AND JOINERY,Floors Roofs and Partitions,Floors,,"Joist:Renew softwood floor joist ne 100mm deep to match existing, clear away existing, fix with all packings, cleats, hangers, noggins, solid strutting etc., cut out and make good brickwork."
301107,JOIST,RENEW NE 225MM DEEP TO FLOOR,CARPENTRY AND JOINERY,Floors Roofs and Partitions,Floors,,"Joist:Renew softwood floor joist ne 225mm deep to match existing, clear away existing, fix with all packings, cleats, hangers, noggins, solid strutting etc., cut out and make good brickwork"
301109,JOIST,LEVEL JOIST WITH PACKINGS,CARPENTRY AND JOINERY,Floors Roofs and Partitions,Floors,,"Joist:Level joist by inserting packings including take up, refix floorboards, make good any finishes remove, refix any furniture, carpets (msd per joist) (not to be claimed with joist renewal)."
301122,FLOOR,STRIP OUT FLOOR AND SLEEPERS,CARPENTRY AND JOINERY,Floors Roofs and Partitions,Floors,,"Floor:Strip out defective timber floor complete with any redundant service installation attached or passing through floor, demolish sleeper walls down to sub-floor level, make good, remove spoil."
301123,FLOOR,RENEW GROUND FLOOR COMPLETE,CARPENTRY AND JOINERY,Floors Roofs and Partitions,Floors,,"Floor:Strip out existing floor and sleeper walls, remove void debris, build sleeper walls, softwood floor with 22mm floorboards, ne 50x125mm joists, ne 50x100mm wall plates, dpc, remove spoil."
301125,FLOOR,RENEW SOFTWOOD FLOOR COMPLETE,CARPENTRY AND JOINERY,Floors Roofs and Partitions,Floors,,"Floor:Renew softwood floor comprising 22mm floor boards, ne 50x125mm joists, ne 50x100mm wall plates, dpc, galvanised joist hangers, cut in and primed, remove spoil."
301127,FLOOR,RENEW SOFTWOOD UPPER FLOOR COMPLETE,CARPENTRY AND JOINERY,Floors Roofs and Partitions,Floors,,"Floor:Renew softwood upper floor comprising 22mm floorboards, ne 50x175mm joists, and ne 50100mm wall plates, dpc, 25x50mm strutting, galvanised joist hangers, cut in and primed, remove spoil."
301129,FLOOR,CONSTRUCT SOFTWOOD FLOOR,CARPENTRY AND JOINERY,Floors Roofs and Partitions,Floors,,"Floor:Construct softwood floor comprising 22mm floorboards, ne 50x125mm joists and ne 50x100mm wall plates, dpc, galvanised joist hangers, cut and primed in, remove spoil."
301131,FLOOR,CONSTRUCT SOFTWOOD UPPER FLOOR,CARPENTRY AND JOINERY,Floors Roofs and Partitions,Floors,,"Floor:Construct softwood upper floor comprising 22mm floor boards, ne 50x175mm joists and ne 50x100mm wall plates, dpc, 25x50mm strutting, trimming openings, joists hangers, remove spoil."
301301,PARTITION,ERECT TIMBER STUD AND PLASTERBOARD BF,CARPENTRY AND JOINERY,Floors Roofs and Partitions,Wall or Partitions,,"Partition:Erect or renew stud partition comprising ne 50x100mm members fixed to walls, pack out, scribe, 12.5mm taper edged plasterboard scrim jointed and all labours to both faces."
301303,PARTITION,ERECT TIMBER STUD PLASTERBOARD SKIM BF,CARPENTRY AND JOINERY,Floors Roofs and Partitions,Wall or Partitions,,"Partition:Erect or renew stud partition comprising ne 50x100mm members fixed to walls, pack out and scribe, 12.5mm butt jointed plasterboard and 3mm plaster skim coat and all labours to both faces."
301305,PARTITION,INSTALL INSULATION INFILL NE 100MM,CARPENTRY AND JOINERY,Floors Roofs and Partitions,Wall or Partitions,,Partition:Supply and install insulation infill ne 100mm thick to stud partition.
301307,PARTITION,SOUND INFILL 75MM,CARPENTRY AND JOINERY,Floors Roofs and Partitions,Wall or Partitions,,Partition:Supply and install sound insulation infill 75mm thick to stud partition.
301311,PARTITION,ERECT METAL STUD AND PLASTERBOARD BF,CARPENTRY AND JOINERY,Floors Roofs and Partitions,Wall or Partitions,,"Partition:Erect or renew proprietary metal stud system fixed to walls, 12.5mm plasterboard scrim joints, all labours to both faces."
301313,PARTITION,METAL STUD PLASTERBOARD SKIM BF,CARPENTRY AND JOINERY,Floors Roofs and Partitions,Wall or Partitions,,"Partition:Erect or renew proprietary metal stud system fixed to walls, 12.5mm plasterboard and 3mm plaster skim coat and all labours to both faces."
301315,PARTITION,FILL IN OPENING IN TIMBER STUDDING,CARPENTRY AND JOINERY,Floors Roofs and Partitions,Wall or Partitions,,"Partition:Fill in existing opening in stud partition with ne 50x100mm members fixed to walls, pack out, scribe, 12.5mm taper edged plasterboard scrim jointed, labours, skirting to both faces."
301317,PARTITION,FORM OPENING IN TIMBER STUDDING,CARPENTRY AND JOINERY,Floors Roofs and Partitions,Wall or Partitions,,"Partition:Cut or form opening in plastered stud partition, frame up opening with 50x100mm members fixed to walls, make good plasterboard, 3mm skim coat, extend flooring make good, remove spoil."
301501,PLATE,RENEW 75X100MM WALL PLATE,CARPENTRY AND JOINERY,Floors Roofs and Partitions,Wall Plates,,"Plate:Renew pressure impregnated sawn softwood wall plate ne 75x100mm, bedded in cement mortar (1:3) and apply preservative to cut ends, remove spoil."
301503,PLATE,RENEW 75X100MM WALL PLATE AND DPC,CARPENTRY AND JOINERY,Floors Roofs and Partitions,Wall Plates,,"Plate:Renew pressure impregnated sawn softwood wall plate ne 75x100mm, bedded in cement mortar (1:3, apply preservative to cut ends, polypropylene dpc 138mm girth, remove spoil."
301701,RAFTER,RENEW NE 175MM RAFTER OR JOIST,CARPENTRY AND JOINERY,Floors Roofs and Partitions,Roof Members,,"Rafter:Renew rafter/roof joist, ne 175mm deep to match existing in roof space, cut to length, apply preservative to cut ends, cut out, make good brickwork, bolted to existing roof timbers."
301703,COLLAR/STRUT,RENEW NE 175MM THICK,CARPENTRY AND JOINERY,Floors Roofs and Partitions,Roof Members,,"Collar/Strut:Renew collar or strut, ne 175mm thick in roof space, cut to length, apply preservative to cut ends, cut out make good brickwork, bolted to existing roof timbers."
301901,HANGER,RENEW GALVANISED JOIST HANGER,CARPENTRY AND JOINERY,Floors Roofs and Partitions,Joist Hangers,,"Hanger:Renew galvanised joist hanger, cut out, bed in mortar and make good brickwork, renew in conjunction with joist repairs."
301903,HANGER,CUT OUT AND INSERT JOIST HANGER,CARPENTRY AND JOINERY,Floors Roofs and Partitions,Joist Hangers,,"Hanger:Cut out and insert galvanised joist hanger to correct floor alignment, bed in mortar, pin, make good brickwork, renew in conjunction with floor or joist repairs."
303001,FASCIA,RENEW IN SOFTWOOD NE 300MM,CARPENTRY AND JOINERY,Fascia Soffit and Bargeboards,"Fascias, Soffit and Bargeboards",Timber,"Fascia/Barge:Renew fascia or barge with treated softwood, ne 300mm wide, fixed to roof timbers, remove, refix rainwater goods and any cabling, adjust roof tiles and felt, decorate."
303003,FASCIA,RENEW IN WBP PLYWOOD NE 300MM,CARPENTRY AND JOINERY,Fascia Soffit and Bargeboards,"Fascias, Soffit and Bargeboards",Timber,"Fascia/Barge:Renew fascia or barge with WPB plywood, ne 300mm wide, fixed to roof timbers, remove, refix rainwater goods and any cabling, adjust roof tiles and felt, decorate."
303005,FASCIA/BARGE,RENEW IN PVCU NE 300MM,CARPENTRY AND JOINERY,Fascia Soffit and Bargeboards,"Fascias, Soffit and Bargeboards",PVCu,"Fascia/Barge:Renew fascia or bargeboard with proprietary PVCu board ne 300mm wide fixed to roof timbers, remove, refix rainwater goods and any cabling, adjust roof tiles and felt."
303007,SOFFIT,RENEW IN SOFTWOOD NE 450MM,CARPENTRY AND JOINERY,Fascia Soffit and Bargeboards,"Fascias, Soffit and Bargeboards",Timber,Soffit:Renew soffit board with treated softwood ne 450mm wide including renew noggins as necessary fixed to roof timbers and refix cables and decorate to match existing.
303009,SOFFIT,RENEW IN PLYWOOD NE 450MM,CARPENTRY AND JOINERY,Fascia Soffit and Bargeboards,"Fascias, Soffit and Bargeboards",Timber,Soffit:Renew soffit board with WPB plywood ne 450mm wide including renew noggins as necessary fixed to roof timbers and refix cables and decorate to match existing.
303011,SOFFIT,RENEW IN MASTERBOARD NE 450MM,CARPENTRY AND JOINERY,Fascia Soffit and Bargeboards,"Fascias, Soffit and Bargeboards",Timber,Soffit:Renew soffit board with masterboard ne 450mm wide including renew noggins as necessary fixed to roof timbers and refix cables and decorate to match existing.
303013,SOFFIT,RENEW IN PVCU NE 450MM,CARPENTRY AND JOINERY,Fascia Soffit and Bargeboards,"Fascias, Soffit and Bargeboards",PVCu,"Soffit:Renew soffit board with PVCu board ne 450mm wide including remove existing, renew noggins as necessary and fix new board to roof timbers and refix cables."
303015,FASCIA/SOFFIT/BARGE,REFIX,CARPENTRY AND JOINERY,Fascia Soffit and Bargeboards,"Fascias, Soffit and Bargeboards",Timber,"Fascia/Soffit/Barge:Refix any size fascia, soffit or bargeboard to existing roof timbers including remove, refix rainwater goods, cabling, renewal of support battens, all cutting, packing, make good."
303017,BOXED END,RENEW TO FASCIA AND SOFFIT,CARPENTRY AND JOINERY,Fascia Soffit and Bargeboards,"Fascias, Soffit and Bargeboards",Timber,"Boxed End:Renew boxed end to fascia and soffit including renew timber supports, new WPB plywood soffit, fascia etc, all cutting shaping, jointing to existing fascias, soffits etc, decorate."
303019,BOXED END,RENEW IN PVCU TO FASCIA AND SOFFIT,CARPENTRY AND JOINERY,Fascia Soffit and Bargeboards,"Fascias, Soffit and Bargeboards",PVCu,"Boxed End:Renew boxed end to fascia and soffit including renew timber supports with proprietary PVCu board soffit, fascia etc, all cutting and shaping, jointing to existing fascias, soffits."
303101,GUTTER,RENEW NE 150X100MM TIMBER,CARPENTRY AND JOINERY,Fascia Soffit and Bargeboards,Rainwater Gutters,Timber,"Gutter:Renew in ne 150x100mm moulded timber gutter including support brackets fixed to fascia, all cutting, make joints, line, level and connections to existing guttering."
303102,GUTTER,REALIGN TIMBER GUTTER,CARPENTRY AND JOINERY,Fascia Soffit and Bargeboards,Rainwater Gutters,Timber,"Gutter:Take down any timber gutter, remove and refix brackets to fascia and refix gutter to brackets including all angles, outlets, stop ends and remake all joints."
303103,GUTTER,FORM STOP END,CARPENTRY AND JOINERY,Fascia Soffit and Bargeboards,Rainwater Gutters,Timber,Gutter:Form stop end to timber gutter.
303104,GUTTER,FORM OUTLET,CARPENTRY AND JOINERY,Fascia Soffit and Bargeboards,Rainwater Gutters,Timber,"Gutter:Cut hole in timber gutter, form outlet and fix nozzle/spitter."
303105,GUTTER,RENEW CAST IRON BRACKET TO TIMBER GUTTER,CARPENTRY AND JOINERY,Fascia Soffit and Bargeboards,Rainwater Gutters,Timber,Gutter:Renew cast iron bracket of any profile including remake joints and line and level.
303106,GUTTER,RENEW TIMBER BRACKET,CARPENTRY AND JOINERY,Fascia Soffit and Bargeboards,Rainwater Gutters,Timber,Gutter:Renew timber bracket of any profile including remake joints and line and level.
305822,ROOF,CHEMICAL TREAT TIMBER,SPECIALIST TREATMENTS,Timber Treatment,Roof Treatment,,"Roof:Remove and set aside Tenants personal affects stored items, insulation in loft area, pressure spray applications of approved chemical wood preservative, to timber, reinstate."
305824,ROOF,PRESERVATIVE GUARANTEE,SPECIALIST TREATMENTS,Timber Treatment,Roof Treatment,,Roof:Provision of 30 year insurance backed guarantee for roof timber preservation treatment.
305836,ROOF,WOODWORM TIMBER,SPECIALIST TREATMENTS,Timber Treatment,Roof Treatment,,"Roof:Remove and set aside Tenants personal affects stored items, insulation in loft area, undertake woodworm treatment by approved Sub-Contractor to accessible structural timbers, reinstate"
305838,ROOF,WOODWORM GUARANTEE,SPECIALIST TREATMENTS,Timber Treatment,Roof Treatment,,Roof:Provision of 30 year insurance backed guarantee for roof timber woodworm treatment.
307101,CLADDING,RENEW 19MM SHIPLAP NE 2.0SM,CARPENTRY AND JOINERY,External Cladding,Cladding,Timber Weatherboarding - Shiplap,"Cladding:Remove existing and renew with 19mm treated shiplap boarding in areas ne 2.00sm, all labours, fixed to existing framework, renew defective battens, decorate to match."
307103,CLADDING,RENEW 19MM SHIPLAP OVER 2.0SM,CARPENTRY AND JOINERY,External Cladding,Cladding,Timber Weatherboarding - Shiplap,"Cladding:Remove existing and renew with 19mm treated shiplap boarding in areas over 2.00sm, all labours, fixed to existing framework, renew defective battens, decorate to match."
307105,CLADDING,REFIX LOOSE SHIPLAP FEATHER EDGE OR TG V,CARPENTRY AND JOINERY,External Cladding,Cladding,Timber Weatherboarding - Shiplap,"Cladding:Refix loose timber shiplap, feather edge or T, G and V jointed boarding to existing framework including renewal of any support battens required and make good decorations."
307301,CLADDING,RENEW FEATHER EDGE NE 2.0SM,CARPENTRY AND JOINERY,External Cladding,Cladding,Timber Weatherboarding - Feather Edge,"Cladding:Remove existing and renew with 19mm treated feather edge boarding in areas ne 2.00sm, all labours, fixed to existing framework, renew defective battens, decorate to match."
307303,CLADDING,RENEW FEATHER EDGE OVER 2.0SM,CARPENTRY AND JOINERY,External Cladding,Cladding,Timber Weatherboarding - Feather Edge,"Cladding:Remove existing and renew with 19mm treated feather edge boarding in areas over 2.00sm, all labours, fixed to existing framework, renew defective battens, decorate to match."
307501,CLADDING,RENEW T G AND V JOINT NE 2.0SM,CARPENTRY AND JOINERY,External Cladding,Cladding,"Timber Weatherboard - Softwood Tongued, Grooved and V Jointed","Cladding:Remove existing and renew with 19mm treated T, G and V jointed boarding in areas ne 2.00sm, all labours, fixed to existing framework, renew defective battens, decorate to match."
307503,CLADDING,RENEW T G AND V JOINT OVER 2.0SM,CARPENTRY AND JOINERY,External Cladding,Cladding,"Timber Weatherboard - Softwood Tongued, Grooved and V Jointed","Cladding:Remove existing boarding and renew with 19mm treated T, G and V jointed boarding in areas over 2.00sm, all labours, fixed to existing framework, renew defective battens, decorate to match."
307701,CLADDING,RENEW PVC SHIPLAP NE 2.0SM,CARPENTRY AND JOINERY,External Cladding,Cladding,Plastic Profiled Sheet Cladding - Shiplap,"Cladding:Remove existing defective PVC shiplap cladding, renew in areas ne 2.00sm, all trims, channels and jointing, fixed to existing framework, renew defective support battens."
307703,CLADDING,RENEW PVC SHIPLAP OVER 2.0SM,CARPENTRY AND JOINERY,External Cladding,Cladding,Plastic Profiled Sheet Cladding - Shiplap,"Cladding:Remove existing and renew with cellular cored PVC shiplap boarding, in areas over 2.00sm, all trims, channels and jointing, fixed to existing framework, renew defective support battens."
307705,CLADDING,REFIX LOOSE PVC SHIPLAP OR TGV,CARPENTRY AND JOINERY,External Cladding,Cladding,Plastic Profiled Sheet Cladding - Shiplap,"Cladding:Refix loose PVC shiplap or T, G and V jointed cladding to existing framework including renewal of support battens required and all trims, channels and jointing."
436621,GUTTER,PREPARE PRIME METALSHIELD EAVES GUTTER,PAINTING AND DECORATING,Preparation - External and Internal,Metalshield Paint,External Metalwork,"Gutter:Wire brush, prepare and apply coat of primer, two coats of metalshield paint to outside of eaves gutter including brackets."
601101,DOWNPIPE,RENEW PVCU NE 2 STOREY,PLUMBING,Rainwater Pipework,Rainwater Pipework,PVCu,"Downpipe:Renew round or square PVCu downpipe to ne 2 storey dwelling complete with new brackets branches, offset projections, hopperhead, shoe, terminal, slate, cut, make joints, make good."
601103,DOWNPIPE,RENEW PVCU 2-4 STOREY,PLUMBING,Rainwater Pipework,Rainwater Pipework,PVCu,"Downpipe:Renew round or square PVCu downpipe to over 2, ne 4 storey dwelling with new brackets branches, offset projections, hopperhead, shoe, terminal, slate, cut, make joints, make good."
601105,DOWNPIPE,RENEW PVCU PIPE,PLUMBING,Rainwater Pipework,Rainwater Pipework,PVCu,"Downpipe:Renew round or square PVCu downpipe, remove and refix or renew pipe brackets plugged and screwed to brickwork including cutting and make joints, make good to structure, finishes."
601107,DOWNPIPE,RENEW NE 300MM PVCU OFFSET,PLUMBING,Rainwater Pipework,Rainwater Pipework,PVCu,"Downpipe:Renew any type of PVCu offset, ne 300mm projection including all cutting and remake joints, make good to structure and finishes."
601109,DOWNPIPE,RENEW PVCU HOPPERHEAD,PLUMBING,Rainwater Pipework,Rainwater Pipework,PVCu,"Downpipe:Renew any type of PVCu downpipe hopperhead, plugged and screwed to brickwork including all cutting and remake joints, make good to structure and finishes."
601111,DOWNPIPE,RENEW PVCU SHOE,PLUMBING,Rainwater Pipework,Rainwater Pipework,PVCu,"Downpipe:Renew any type of PVCu downpipe shoe plugged and screwed to brickwork including all cutting and remake joints, make good to structure and finishes."
601113,DOWNPIPE,RENEW PVCU BRANCH,PLUMBING,Rainwater Pipework,Rainwater Pipework,PVCu,"Downpipe:Renew round or square PVCu branch including all cutting and make joints, make good to structure and finishes."
601119,DOWNPIPE,RENEW OR REFIX PVCU CLIP,PLUMBING,Rainwater Pipework,Rainwater Pipework,PVCu,Downpipe:Refix or renew clip to PVCu downpipe plugged and screwed to brickwork and make good to structure and finishes.
601121,DOWNPIPE,REMOVE AND REFIX PVCU COMPLETE,PLUMBING,Rainwater Pipework,Rainwater Pipework,PVCu,"Downpipe:Take down any PVCu downpipe, remove and refix pipe brackets, fixed to brickwork and refix downpipes including all hopperheads offsets, shoes remake all joints, make good structure, finishes."
601125,DOWNPIPE,REMAKE PVCU JOINTS OR REFIX FITTING,PLUMBING,Rainwater Pipework,Rainwater Pipework,PVCu,"Downpipe:Remake any loose or leaking PVCu downpipe joint or joints to any fitting, renew drain connection adaptor or remake joint to drain or gully connection, make good (per downpipe)"
601503,DOWNPIPE,RENEW UPTO 100MM CAST IRON PIPE,PLUMBING,Rainwater Pipework,Rainwater Pipework,Cast Iron Repairs,"Downpipe:Renew length of ne 100mm diameter cast iron downpipe, remove, refix or renew pipe brackets fixed to brickwork, cut and make joints, make good to structure, finishes, decorate to match."
601505,DOWNPIPE,REMOVE AND REFIX CAST IRON COMPLETE,PLUMBING,Rainwater Pipework,Rainwater Pipework,Cast Iron Repairs,"Downpipe:Take down any cast iron downpipe, remove refix pipe brackets fixed to brickwork and refix downpipes, hopper heads, offsets, branches, shoes remake all joints, make good, touch up."
601507,DOWNPIPE,RENEW CAST IRON PIPE BRACKET,PLUMBING,Rainwater Pipework,Rainwater Pipework,Cast Iron Repairs,"Downpipe:Renew any diameter cast iron downpipe bracket plugged and screwed to brickwork, make good to structure and finishes and decorate to match existing."
601509,DOWNPIPE,REFIX LOOSE CAST IRON BRACKET,PLUMBING,Rainwater Pipework,Rainwater Pipework,Cast Iron Repairs,"Downpipe:Refix loose cast iron downpipe bracket, including replugging and screwing to brickwork, make good to structure and finishes and decorate to match existing."
601511,DOWNPIPE,REMAKE CAST IRON JOINTS,PLUMBING,Rainwater Pipework,Rainwater Pipework,Cast Iron Repairs,"Downpipe:Remake any loose or leaking cast iron downpipe joint or joints to any fitting, make good to structure and finishes and decorate to match existing."
603101,GUTTER,RENEW 112MM PVCU COMPLETE,PLUMBING,Rainwater Gutters,Rainwater Gutters,PVCu,"Gutter:Renew with ne 112mm PVCu gutter of any profile with support brackets, angles, outlets stop ends, cutting, make gutters line and level, connections to existing guttering and downpipes."
603103,GUTTER,RENEW 150MM PVCU COMPLETE,PLUMBING,Rainwater Gutters,Rainwater Gutters,PVCu,"Gutter:Renew with 150mm PVCu gutter of any profile with support brackets, angles, outlets stop ends, cutting, make gutters line and level, connections to existing guttering and downpipes."
603105,GUTTER,RENEW 112MM PVCU,PLUMBING,Rainwater Gutters,Rainwater Gutters,PVCu,"Gutter:Renew ne 112mm PVCu gutter of any profile, including support brackets fixed to fascia including cutting, make joints, line and level and connection to existing guttering."
603107,GUTTER,RENEW 150MM PVCU,PLUMBING,Rainwater Gutters,Rainwater Gutters,PVCu,"Gutter:Renew 150mm PVCu gutter of any profile, including support brackets fixed to fascia including cutting, make joints, line and level and connection to existing guttering."
603109,GUTTER,REALIGN PVCU GUTTER,PLUMBING,Rainwater Gutters,Rainwater Gutters,PVCu,"Gutter:Take down any PVCu gutter, remove and refix brackets to fascia and refix gutter to brackets to line and level including all angles, outlets and stop ends and remake all joints."
603111,GUTTER,RENEW PVCU STOP END,PLUMBING,Rainwater Gutters,Rainwater Gutters,PVCu,"Gutter:Renew PVCu gutter stop end of any profile, including remake joints and line and level."
603115,GUTTER,RENEW PVCU OUTLET,PLUMBING,Rainwater Gutters,Rainwater Gutters,PVCu,"Gutter:Renew PVCu gutter outlet of any profile, including remake joints and line and level."
603123,GUTTER,RENEW PVCU UNION,PLUMBING,Rainwater Gutters,Rainwater Gutters,PVCu,Gutter:Renew PVCu gutter union or fitting rubbers of any profile including remake joints and line and level.
603127,GUTTER,RENEW PVCU BRACKET,PLUMBING,Rainwater Gutters,Rainwater Gutters,PVCu,Gutter:Renew PVCu gutter bracket of any profile including remake joints and line and level.
603131,GUTTER,TAKE DOWN AND REFIX PVCU OUTLET,PLUMBING,Rainwater Gutters,Rainwater Gutters,PVCu,Gutter:Take down any PVCu gutter outlet and refix and remake joints.
603133,GUTTER,REMAKE PVCU JOINT,PLUMBING,Rainwater Gutters,Rainwater Gutters,PVCu,"Gutter:Remake any loose or leaking PVCu gutter joint or joints to fittings including break joint, clean out and make joint, and line and level."
603301,GUTTER,RENEW IN CAST IRON COMPLETE,PLUMBING,Rainwater Gutters,Rainwater Gutters,Cast Iron,"Gutter:Renew ne 125mm cast iron gutter of any profile with support brackets, angles, outlets and stop ends, cutting, make gutters line and level, connections to existing guttering, decorate"
603303,GUTTER,RENEW LENGTH OF CAST IRON,PLUMBING,Rainwater Gutters,Rainwater Gutters,Cast Iron,"Gutter:Renew ne 125mm cast iron gutter of any profile with support brackets fixed to fascia including cutting, make joints, line and level, connections to existing guttering, decorate."
603305,GUTTER,REALIGN CAST IRON GUTTER,PLUMBING,Rainwater Gutters,Rainwater Gutters,Cast Iron,"Gutter:Take down any cast iron gutter, remove and refix brackets to fascia and refix gutter to brackets, including all angles, outlets and stop ends, remake all joints and touch up decorations."
603307,GUTTER,RENEW CAST IRON STOP END,PLUMBING,Rainwater Gutters,Rainwater Gutters,Cast Iron,"Gutter:Renew ne 125mm cast iron gutter stop end of any profile, including remake joint, line and level, decorate to match existing to outside, one coat of bitumastic paint to inside."
603309,GUTTER,RENEW CAST IRON OUTLET,PLUMBING,Rainwater Gutters,Rainwater Gutters,Cast Iron,"Gutter:Renew ne 125mm cast iron gutter outlet of any profile, including remake joint, line and level, decorate to match existing to outside, one coat of bitumastic paint to inside."
603311,GUTTER,RENEW CAST IRON ANGLE,PLUMBING,Rainwater Gutters,Rainwater Gutters,Cast Iron,"Gutter:Renew ne 125mm cast iron gutter angle of any profile, including remake joint, line and level, decorate to match existing to outside, one coat of bitumastic paint to inside."
603313,GUTTER,RENEW CAST IRON UNION,PLUMBING,Rainwater Gutters,Rainwater Gutters,Cast Iron,"Gutter:Renew ne 125mm cast iron gutter Union of any profile, including remake joint, line and level, decorate to match existing to outside, one coat of bitumastic paint to inside."
603315,GUTTER,RENEW CAST IRON BRACKET,PLUMBING,Rainwater Gutters,Rainwater Gutters,Cast Iron,"Gutter:Renew gutter bracket for cast iron gutter including line and level, and rub down, prepare for and decorate to match existing."
603317,GUTTER,TAKE DOWN AND REFIX CAST IRON OUTLET,PLUMBING,Rainwater Gutters,Rainwater Gutters,Cast Iron,"Gutter:Take down any cast iron gutter outlet and refix, remake all joints, and touch up decorations."
603319,GUTTER,REMAKE CAST IRON JOINTS,PLUMBING,Rainwater Gutters,Rainwater Gutters,Cast Iron,"Gutter:Remake any cast iron gutter joint including break joint, clean out and make joint, and touch up decorations."
603901,DOWNPIPE,CLEAR BLOCKAGE NE 2 STOREY,PLUMBING,Rainwater Gutters,Gutters/Downpipes,Clean Out,"Downpipe:Clear blockage from downpipe ne 2 storey including gain access, rod, flush out and test including clean out gulley and remove spoil on completion (not to be claimed with 603903)."
603902,DOWNPIPE,CLEAR BLOCKAGE 2 TO 4 STOREY,PLUMBING,Rainwater Gutters,Gutters/Downpipes,Clean Out,"Downpipe:Clear blockage from downpipe any 2 to 4 storey including gain access, rod, flush out and test including clean out gulley and remove spoil on completion (not to be claimed with 603903)."
603903,DOWNPIPE,CLEAN AND FLUSH OUT PER ELEVATION NE 8 LM,PLUMBING,Rainwater Gutters,Gutters/Downpipes,Clean Out,"Gutter:Clean out debris from gutters to any type of property including flush out and test, rod downpipe including clean out gulley and remove spoil on completion (per elevation)."
603905,HOPPER,CLEAR OUT BLOCKED HOPPERHEAD,PLUMBING,Rainwater Gutters,Gutters/Downpipes,Clean Out,"Hopper:Clear out blocked hopperhead including rod if necessary, flush out and test and remove spoil on completion."
603907,FLAT ROOF OUTLET,CLEAR BLOCKED,PLUMBING,Rainwater Gutters,Gutters/Downpipes,Clean Out,"Flat Roof Outlet:Clear out blocked flat roof outlet including rod if necessary, flush out and test and remove spoil on completion."
